Hidden Layers,,,,,,,
First,Second,Third,Fourth,Fifth,Training mean error,Validation mean error,Test mean error
100,400,400,400,0,0.4516080479,1.1793747679,1.4487137474
25,25,100,0,0,1.1844448872,1.2935075893,1.6032912195
400,800,100,0,0,0.1615551173,1.07577062,1.4047608626
400,400,100,400,25,0.6547015191,1.179769947,1.4435191595
25,100,800,400,0,1.0121981066,1.3323785124,1.535778568
25,800,100,25,400,0.7972731777,1.3801043794,1.6101014513
25,400,400,100,0,0.6124058224,1.3028321455,1.58767587
400,800,400,400,800,0.5288025932,1.1833072585,1.4818143133
25,800,25,100,800,0.9230996222,1.3650654813,1.577965955
100,100,400,25,25,1.0678366541,1.2896327849,1.5141873259
400,800,800,25,100,0.7939653909,1.2018657888,1.4305185642
800,400,800,100,800,0.6868144099,1.1743669089,1.4439491776
100,100,100,800,25,0.9842592359,1.2999657296,1.5559302794
25,800,100,800,25,0.6651753013,1.337599805,1.5700378211
100,100,800,800,100,1.0671302697,1.3117350608,1.5462829424
400,400,100,100,400,0.6714570095,1.1883844617,1.4802930195
25,400,400,100,25,0.5356376961,1.2677912804,1.551311397
800,400,800,100,400,0.6499006739,1.1632339591,1.4630737477
100,400,25,800,800,1.0621314616,1.2973683622,1.4874984122
400,100,800,25,400,1.1117839248,1.3110571802,1.525339991
100,100,100,400,0,0.9753151949,1.3213065406,1.5605039729
100,100,800,800,25,1.0530900201,1.2963987056,1.5230602612
800,800,25,25,0,0.5918736907,1.1136597524,1.3439694335
25,25,800,800,25,1.5094975985,1.5059098253,1.704840254
100,100,100,400,800,0.9899275379,1.3467634093,1.561803587
800,400,25,100,0,0.5956925545,1.1355489362,1.3748537135
800,100,100,800,25,0.8697768049,1.2628560445,1.490009883
800,100,800,400,400,0.8584867557,1.2917521539,1.519349425
800,800,400,800,400,0.5525471176,1.1114840374,1.422366017
400,400,25,400,800,0.6656553971,1.1697306427,1.4489550552
400,25,800,400,400,1.1022566704,1.3846470326,1.602638122
100,400,400,800,25,0.5704895908,1.2093842017,1.431593608
100,100,800,400,0,0.9728605438,1.3029745658,1.5150308163
400,100,400,100,0,0.6997688611,1.1880412176,1.5279532141
400,800,400,25,800,0.6895543958,1.1940750811,1.4663449654
100,100,800,800,0,0.9800513712,1.303780771,1.5043759222
400,400,800,25,0,0.502481604,1.146541924,1.4457107569
25,100,400,25,0,1.0941326872,1.291790879,1.5202401471
100,100,400,400,25,1.0161283463,1.282765229,1.5029034441
400,800,400,800,25,0.4652769165,1.1157313032,1.44593752
25,25,25,25,25,1.5695747853,1.4460388051,1.6734960006
400,400,400,25,800,0.8361964879,1.2420718622,1.5030200902
800,400,800,100,0,0.4857698549,1.1353647296,1.4053814214
800,100,400,25,0,0.7254662432,1.204797853,1.4225309878
800,25,25,25,400,1.0683331908,1.3899766723,1.6168716805
25,800,100,800,100,0.6054514579,1.323624036,1.5684562059
100,800,25,100,0,0.7134331197,1.257260184,1.4589354804
400,100,100,400,100,1.0823760342,1.2844574783,1.550744214
400,100,0,0,0,0.2817423641,1.1772803904,1.4611935793
400,25,800,0,0,0.82061289,1.3621880157,1.6053191394
400,800,25,800,0,0.6356548273,1.1843999365,1.4114631076
25,400,400,0,0,0.5181762446,1.2908984467,1.5457012347
400,25,400,400,0,1.062686159,1.3797495996,1.5744613326
25,400,100,800,400,0.6148263116,1.2830274152,1.5741501707
800,400,400,100,100,0.5833684958,1.1706702956,1.4659990695
800,100,400,800,100,1.3245672699,1.3449602168,1.5994954411
400,25,400,400,400,1.1322793107,1.3899623854,1.6059858781
100,100,25,25,25,1.3557865755,1.3660821844,1.5234291702
25,800,100,25,25,0.5552706482,1.352479921,1.5452875437
400,800,25,100,100,1.0939381425,1.2500044957,1.5024065819
800,800,100,100,0,0.2596584867,1.1082972693,1.3577370579
800,400,400,800,25,0.6535875553,1.1766866193,1.4306500799
400,800,400,400,400,0.4504199995,1.1214139216,1.4622263116
400,100,25,100,400,0.8768170112,1.2886749085,1.5327745094
400,100,100,100,400,0.8706564522,1.3043888513,1.5513959289
800,400,25,400,800,0.7457415865,1.2439640818,1.4769881878
25,25,400,25,0,1.4152348658,1.4468777192,1.6239851328
100,25,25,100,0,1.3949906899,1.4380467782,1.7095781411
100,100,100,800,800,1.0488786779,1.3128669331,1.4781356898
800,400,100,800,0,0.5029096866,1.1422574767,1.4412336508
100,25,400,400,400,1.4006016043,1.40091799,1.6542552069
25,25,800,400,0,1.4724469393,1.5185377758,1.6847913494
100,800,100,25,25,0.403386182,1.1492462264,1.4140891529
100,25,400,800,25,1.3819759587,1.3668893509,1.6653700296
400,25,400,400,100,1.0856714218,1.4072684233,1.6480949825
400,25,25,100,0,1.0410866311,1.3453269511,1.5857207957
800,400,400,25,0,0.4995677891,1.1100875576,1.3923165791
100,100,100,0,0,0.5284062733,1.234685359,1.4825968172
25,400,400,400,25,0.465362096,1.2877912367,1.5635346803
100,400,25,25,0,0.506534482,1.1422455941,1.428241001
100,800,400,100,100,0.2998355758,1.1647675212,1.4311840746
25,25,25,100,25,1.2647077834,1.4112646298,1.5875981934
100,800,100,400,25,0.6117255684,1.2040724693,1.4632257191
100,800,400,25,400,0.6975164932,1.2460231156,1.4733464334
25,25,400,800,100,1.5844916166,1.5240845766,1.736749404
800,400,800,100,100,0.5989795713,1.1372328191,1.4290440825
25,100,25,25,0,1.0298327951,1.2936233602,1.4681801971
400,25,800,100,400,1.1685324386,1.3574781093,1.6052372865
400,100,800,100,100,0.84965256,1.2720672817,1.5284721577
400,400,100,100,800,0.6350025792,1.1880418836,1.4526187536
100,25,25,800,800,1.3076182979,1.4184549081,1.6803796152
400,100,400,100,100,0.9738293083,1.3070741396,1.5554794519
800,25,800,25,25,1.1599865182,1.3171680607,1.5437441229
25,100,100,100,400,0.9976377977,1.3416904121,1.5480734484
400,400,800,25,400,0.9415455891,1.2571493538,1.5142828562
400,25,400,400,25,1.1409733504,1.4081351924,1.5972225997
25,800,400,400,25,0.3419837067,1.2990484233,1.5793638806
400,400,800,800,400,0.6653943783,1.1997809303,1.4674456522
25,800,100,100,400,0.6688644704,1.2745833391,1.5460296926
25,400,100,25,100,0.9083589928,1.3094697054,1.5181985076
25,100,100,800,800,1.000589996,1.3599963203,1.5201921068
25,25,25,0,0,1.1709404157,1.3382547554,1.5373603982
800,400,100,400,400,0.6929646483,1.164833001,1.4512619636
800,100,800,400,100,0.9984210038,1.2923232594,1.5513150774
400,100,800,100,400,0.9285641665,1.287771235,1.5111179075
25,400,400,25,25,0.7224953173,1.3411033426,1.5929643865
25,400,400,400,800,0.345399401,1.274389527,1.5520664755
400,100,800,400,0,0.8115574687,1.2775607187,1.5296666341
25,25,25,400,400,1.3034866871,1.4912348779,1.6519899181
100,100,400,400,0,0.9807442211,1.3122939995,1.5228614133
400,100,400,800,100,1.3154728254,1.4041855149,1.6713689472
400,800,800,800,100,0.5401034183,1.1152513124,1.4685667658
400,100,100,25,0,0.6455543894,1.2085270927,1.4481949008
400,25,100,100,400,1.305918549,1.4183689774,1.637651484
800,25,800,400,800,1.2325278523,1.3884576544,1.6169375454
25,25,800,400,100,1.5435477435,1.5039850693,1.7292975201
800,400,100,25,0,0.401563885,1.1126166839,1.3627847937
100,400,25,100,0,0.677313654,1.2261502756,1.4200750476
800,400,100,100,0,0.3713527597,1.1049357266,1.3947346002
800,800,800,400,400,0.489199627,1.1279125393,1.4163570266
25,25,400,25,800,1.7220091175,1.643155339,1.8608388868
100,800,100,400,400,0.5149662067,1.2162496318,1.4629498952
400,25,400,800,800,1.1683493928,1.4165544833,1.6260530007
400,25,100,25,25,1.1389038565,1.3367515997,1.5757565007
25,100,25,800,0,0.9635145639,1.3118771599,1.4911648924
400,25,800,800,0,1.1304202134,1.3990064104,1.5947999438
100,800,100,0,0,0.1499936746,1.111340162,1.4237945104
400,800,400,800,0,0.2975318431,1.1231617037,1.4450474947
25,800,25,0,0,0.4187913499,1.3555558284,1.5848362614
100,100,100,100,400,0.8470549475,1.3229154771,1.5711053596
800,400,100,400,100,0.6542580791,1.1682532486,1.4406259193
25,800,25,100,100,0.8451081968,1.3001003033,1.5891354744
400,400,100,100,25,0.484762979,1.1338378666,1.4321155566
400,400,400,400,25,0.59851457,1.1516277471,1.4480586207
800,400,400,800,100,0.7074004142,1.1602877125,1.503950699
400,100,400,800,400,1.2365883301,1.353138329,1.6033777585
800,100,100,100,0,0.6864832659,1.2070074189,1.4977686083
400,100,400,25,0,0.7254729712,1.1897019853,1.4747392809
100,100,800,100,800,1.127634453,1.3560922416,1.5832104522
800,100,400,25,25,0.8876603655,1.2365172241,1.47157014
25,100,25,100,0,1.0787551614,1.316879666,1.5032649562
400,100,100,800,100,1.0049951923,1.3038162221,1.5875536453
800,800,400,25,800,0.6857486305,1.1706130315,1.4287851004
800,100,800,800,25,0.920623411,1.2550229391,1.4954537614
400,800,100,25,800,0.5177464154,1.1532934723,1.4508668938
25,400,100,400,800,0.6520073695,1.320421382,1.5654391744
800,25,25,400,0,1.0619857763,1.4078181984,1.65018691
400,400,25,800,800,0.6542728186,1.1686964267,1.448023079
100,25,100,400,0,1.2832056252,1.4378404744,1.7150805716
400,800,800,100,400,0.6147664952,1.169066696,1.4459615401
100,800,25,25,25,0.7935447173,1.2066884262,1.4583898236
100,800,800,25,400,0.7875600797,1.2760528778,1.5251334588
25,800,25,400,400,0.9488532225,1.430115415,1.634851584
800,25,100,400,400,1.5922851315,1.6356683033,1.8138300858
100,800,100,25,0,0.3004809497,1.1455801673,1.3943554778
400,400,800,400,25,0.6064373829,1.1459496503,1.4736636195
100,100,25,800,0,0.7779370635,1.311792188,1.5573272558
100,400,25,25,100,1.0899266221,1.2779703752,1.5244022086
100,25,100,100,25,1.5091149248,1.4939962604,1.7671364754
25,25,400,100,25,1.4415593275,1.4400400323,1.6385800604
25,400,800,400,25,0.4154483196,1.2825746909,1.5883725533
400,400,400,100,100,0.5410525518,1.1708076039,1.468231708
25,100,100,400,25,0.9969693186,1.3205417859,1.5514706635
100,25,800,25,100,1.4593715397,1.414289104,1.6384775683
800,100,25,0,0,0.3508972517,1.1203358872,1.3735694181
25,100,800,400,100,0.9759511433,1.3435137055,1.5322865408
800,400,25,800,800,0.6305934749,1.1726991904,1.4210174112
25,400,100,100,0,0.4692581969,1.2917193303,1.5402913847
400,400,400,25,400,0.8754933201,1.2138834253,1.4735069945
400,100,800,100,25,0.8440953608,1.2459977204,1.5161772317
400,100,400,800,800,1.4793591823,1.5759005721,1.7553173585
25,400,400,25,0,0.5479253688,1.2686405249,1.557310343
800,800,400,800,800,0.6907856297,1.2040381395,1.4770005762
800,25,25,800,100,1.24392072,1.3563216937,1.5992591694
100,100,400,100,0,1.0199601441,1.2932208913,1.5025787384
100,400,25,400,100,1.1361798324,1.2998809517,1.4824624202
25,400,400,100,800,0.6276382987,1.3226835853,1.5677194554
800,400,25,800,100,0.5181844474,1.1504131032,1.4069196838
400,800,100,100,800,0.5551325245,1.175876796,1.4533808985
25,100,800,25,25,1.2440644735,1.3694967863,1.5441589491
100,25,400,800,400,1.3897248266,1.4229052943,1.7312070948
400,400,25,25,100,0.9747163263,1.2318497755,1.5029479908
25,100,100,25,100,1.0882056449,1.338874764,1.5047733239
400,800,400,100,25,0.3918615013,1.1179214957,1.4283474348
400,400,800,400,800,0.7248911656,1.204889629,1.4996367645
800,400,100,100,25,0.5428825076,1.1462270195,1.3831315647
400,100,25,25,25,1.0765814841,1.275657936,1.502821527
25,25,100,100,25,1.2723115271,1.4001271866,1.5713550511
800,800,25,100,400,0.8735767842,1.1694479578,1.4409099708
25,25,100,25,25,1.4000762971,1.4050158242,1.5611110958
25,400,800,100,0,0.5188325365,1.29536575,1.5672264847
100,100,800,400,100,1.0417689086,1.2924259265,1.5755427843
100,800,25,25,100,0.9403881815,1.2704583485,1.496273336
400,100,25,800,100,0.6524878396,1.2356217731,1.4792009647
100,800,100,400,800,0.4837405121,1.2180841427,1.5303352693
100,100,25,800,25,0.7316230764,1.2793223766,1.4915200793
800,400,400,25,100,0.8953266401,1.1983998424,1.4633389773
400,800,100,400,800,0.5652724629,1.1833677156,1.4824286372
100,25,800,400,400,1.4277393329,1.4300616866,1.6537180709
800,100,25,800,25,0.7295725188,1.2200361884,1.4384698916
400,800,400,800,800,0.6049201925,1.2256552693,1.4914365168
400,800,800,800,400,0.5569764665,1.1465079937,1.444649936
800,25,100,800,25,1.2838624713,1.4304059925,1.624060806
100,800,25,800,100,1.1797846853,1.3399736265,1.5407023928
100,25,800,0,0,1.1145825692,1.3471775078,1.6353658652
800,400,100,25,800,0.6105016732,1.18082833,1.4428195016
800,25,800,100,0,0.9904108738,1.2940094042,1.5188045792
400,25,25,400,100,1.1462296236,1.342557024,1.5991490726
800,25,800,25,800,1.8406219038,1.6928969619,1.8286574402
400,100,25,100,25,0.6964535346,1.2335655248,1.4647400241
25,800,800,400,0,0.3029145007,1.326933838,1.5772524378
800,800,100,100,400,0.6331046719,1.1333813169,1.4014982868
800,25,800,0,0,0.7939119533,1.2266197252,1.4676648942
25,800,800,100,100,0.3171314739,1.3457552914,1.5973454113
400,25,800,400,0,1.1420522949,1.3811581999,1.6205093511
800,800,25,0,0,0.2834582291,1.0644581934,1.3339189496
100,400,400,25,25,0.7408809491,1.2178485322,1.4420609216
400,800,25,400,100,0.4967119226,1.1594093106,1.4245978126
100,800,25,25,400,0.6800184977,1.2713484983,1.4749042158
25,800,400,25,100,0.8525353621,1.3588006802,1.5893541177
400,25,400,100,400,1.0433773749,1.3516082176,1.6270212975
100,25,100,100,400,1.3362480429,1.4463817026,1.7828475003
25,100,25,400,100,1.1015036601,1.4141849404,1.5546936186
25,400,25,25,100,0.8587539458,1.4188007212,1.6212683965
100,25,400,25,400,1.670632147,1.6585712143,1.8886524756
25,25,25,25,400,1.2312720257,1.4113987598,1.5875097214
100,25,800,400,0,1.3539669573,1.4033845458,1.6661930427
100,800,800,400,0,0.3248843535,1.1860655167,1.4288726688
400,25,800,100,100,1.1254161955,1.4031739541,1.6504325669
25,100,400,400,800,0.9788211669,1.3300648009,1.5189573959
400,25,400,100,800,1.1592496733,1.3628867387,1.6175975432
400,100,100,0,0,0.373035579,1.150750578,1.3895169934
25,800,800,25,800,0.9671412401,1.4869844045,1.7008471014
800,800,0,0,0,0.1715621868,1.0761434364,1.3879185153
400,25,800,400,100,1.0973384077,1.3911869138,1.6045512225
100,400,800,25,400,1.0477520506,1.3321092966,1.5512122637
800,400,800,800,400,0.7427732786,1.1612783405,1.4900970675
25,25,800,25,25,1.5413793667,1.4609385305,1.6305748842
25,800,400,400,0,0.2299759895,1.3264856562,1.6065907886
400,800,100,100,400,0.6549707835,1.1773092643,1.4446919068
100,400,25,800,400,0.6049098921,1.2314481251,1.4588612666
400,25,400,25,100,1.1300317194,1.3438372992,1.6232065389
100,800,800,400,800,0.2915453474,1.1982714646,1.4603327145
400,25,25,25,100,1.4389104432,1.4083461629,1.6208580798
400,800,400,0,0,0.1391930242,1.0804276001,1.4133683608
400,25,25,100,800,1.1820662427,1.410019036,1.6297951289
800,25,100,400,25,1.2682560329,1.3372949701,1.5278876161
100,25,100,800,0,1.3875235853,1.4531742982,1.7152679168
400,800,800,25,400,0.7941106353,1.2240139379,1.474824064
100,800,25,25,800,0.6717332975,1.2541463961,1.4816335428
400,800,100,400,400,0.4271981178,1.1531678999,1.4523046237
400,400,25,400,400,0.7985037608,1.2068587707,1.4837954131
800,25,25,25,100,1.4750127307,1.3932375745,1.5804658479
25,800,800,25,400,0.7845926899,1.388760887,1.6018924328
800,100,400,100,400,0.8657209914,1.2688516076,1.4701466335
100,400,800,100,25,0.5330040754,1.1796971238,1.4756297639
400,800,100,800,25,0.6458994159,1.1749293032,1.458090943
400,800,25,800,100,0.5250484033,1.1643073898,1.4352485651
800,100,25,400,400,0.7190909335,1.2074278725,1.4349818274
800,100,100,25,100,0.9437964612,1.2724215327,1.5353059579
100,400,100,800,400,0.5293329553,1.2624135894,1.530639534
25,800,100,100,25,0.4956829924,1.34211803,1.5693729205
25,100,100,800,25,1.0138676526,1.3375486731,1.4963608953
100,800,100,100,25,0.444312099,1.1679094289,1.4344432396
800,400,25,800,25,0.5997891349,1.1527335055,1.3791143942
800,100,800,800,800,1.0433027011,1.306635529,1.5181448414
100,800,400,100,400,0.5758791218,1.1965407335,1.4517574169
800,25,400,800,0,0.9865048722,1.330307401,1.5281351525
25,100,100,800,400,1.0352545898,1.3207508301,1.4661507577
25,800,25,400,100,1.1705084654,1.5048680205,1.6805408229
800,100,400,800,25,0.9135977165,1.2691388085,1.5131586529
25,400,400,400,400,0.4194652159,1.2799895196,1.5389209862
400,400,400,800,800,0.7488124854,1.2865036619,1.5845273594
100,25,100,25,800,1.6605546448,1.6779944861,1.8616356868
100,400,25,800,0,0.8525715216,1.2656367045,1.498092973
800,25,100,25,800,1.5251075642,1.6439044585,1.8371686882
400,25,800,800,400,1.1020009351,1.4100754875,1.6411737013
100,25,25,100,800,1.3124210831,1.4381245691,1.7426499083
800,400,400,400,25,0.636269091,1.1534869408,1.445391914
100,400,400,25,100,0.8481801456,1.2310050989,1.482697077
100,100,400,100,25,0.9371383451,1.2794378414,1.5160111765
800,400,800,400,800,0.8248975047,1.2491233254,1.502488501
800,800,25,25,800,0.5948100608,1.1565154762,1.4212282357
100,800,400,800,400,0.3685788667,1.1866067666,1.4517789161
25,100,25,25,25,1.3633894799,1.3522030316,1.5178850174
25,25,800,100,0,1.5326543754,1.5017771495,1.715239536
800,0,0,0,0,0.5615393345,1.327644311,1.6224928634
800,800,100,800,0,0.4102182133,1.1267439285,1.3773125207
100,400,25,400,0,0.8652960114,1.2566799844,1.4634072527
400,100,100,400,25,0.8985840968,1.2826758159,1.5154382233
100,25,400,25,25,1.1872971531,1.3863990679,1.6669132125
400,800,400,100,800,0.6657333955,1.1944944199,1.4521265773
400,100,100,400,800,1.3508040936,1.4837698981,1.6748640739
400,25,800,100,25,1.0977050173,1.3750215233,1.6020404889
400,400,400,400,0,0.4126873681,1.1573690243,1.461438209
100,25,400,25,800,1.5325306081,1.5840324707,1.8140742542
800,100,800,400,0,0.8203180084,1.2404652558,1.481648426
800,400,400,100,400,0.6339041672,1.1721613071,1.459543757
100,400,100,400,25,0.6654656593,1.2305792302,1.4772060167
25,800,400,800,100,0.3049808712,1.3207371208,1.5901743342
800,400,400,100,800,0.6754537758,1.1688677613,1.4734720386
25,800,400,25,400,1.0437083656,1.3909117269,1.6462219108
25,25,400,0,0,1.3028017332,1.3700007972,1.5503841677
800,400,100,400,0,0.392094363,1.1500324727,1.4710449353
800,100,100,400,400,0.9467194156,1.2917230137,1.5619269124
400,400,400,0,0,0.2169159368,1.1190247751,1.420247504
400,100,25,25,800,0.6933034735,1.2543871565,1.5322750936
800,800,25,800,25,0.6820964651,1.1625991406,1.3868310177
100,25,400,25,0,1.2925980302,1.3311163481,1.6822818264
25,25,25,100,800,1.3420458653,1.4709121696,1.6853784648
800,800,800,100,400,0.6191947952,1.152667012,1.4198320399
800,100,100,25,25,1.1325403099,1.2512134167,1.50667192
400,25,400,100,100,0.9442767941,1.3627573042,1.5712846451
25,100,800,400,800,0.7944633376,1.3578480674,1.5621532214
25,100,25,400,0,0.9773758276,1.3336239276,1.4726062905
25,400,25,100,0,0.8531156996,1.322961756,1.5350345062
800,800,100,800,800,0.5129534823,1.2369220867,1.4421147758
25,25,400,100,400,1.505395499,1.5595787424,1.7468420962
25,25,25,800,25,1.458358057,1.5180600056,1.7078638288
100,25,100,25,0,1.298035039,1.4090417881,1.7252780958
400,100,400,25,100,1.060419498,1.2984931659,1.5180659621
25,25,100,400,100,1.3938791184,1.44565308,1.6933666498
25,25,800,25,800,1.8543359195,1.6831142337,1.8940709569
800,800,400,400,0,0.3288310756,1.0987566329,1.3753145184
100,100,400,400,100,1.0534317301,1.2957610581,1.548710359
25,100,25,25,800,1.0021192054,1.3251321471,1.5365324219
800,400,800,0,0,0.3166560984,1.1416956725,1.4069149223
25,800,25,400,0,0.8559795032,1.3667429152,1.6036093658
400,800,25,25,25,0.870031212,1.1899339751,1.4399099337
400,400,800,25,25,0.6833418691,1.144060516,1.4294351649
800,800,800,100,0,0.3483596155,1.0911249106,1.3804111151
800,100,25,800,0,0.5878476676,1.1679967377,1.4144342539
400,25,400,100,0,1.0141939241,1.3565280951,1.600519542
800,800,800,800,400,0.5829742512,1.1056293027,1.4021097919
100,400,100,400,0,0.4375219721,1.2176722919,1.4252379247
100,25,400,400,25,1.3026572791,1.3871932375,1.6698205374
100,800,100,400,100,0.5058305707,1.1988514632,1.4314208873
100,25,400,400,800,1.3581334362,1.39462464,1.7276820357
800,400,25,25,25,0.724531062,1.1307560459,1.3665161523
100,25,100,0,0,1.013586423,1.310710271,1.6262775825
800,400,100,400,25,0.7016093713,1.1712005046,1.4176808147
400,800,25,0,0,0.2314438456,1.0877046151,1.395323096
100,800,800,400,400,0.3653427625,1.1815553988,1.4522093155
400,25,25,800,25,1.1098198161,1.3911518171,1.5999124551
400,100,400,400,100,1.0530394781,1.3300077791,1.6237148535
800,25,0,0,0,0.376283677,1.1711026823,1.4742015582
25,800,400,25,25,0.6470151417,1.342484845,1.5838308715
400,800,800,800,0,0.3912536974,1.1766907271,1.4549417794
800,100,25,25,400,0.5984746019,1.1884768297,1.4624946582
25,25,25,100,0,1.3198430647,1.4282697223,1.6607115896
25,100,400,100,0,1.0443796242,1.2882793269,1.5100502555
800,25,25,0,0,0.661461944,1.17103829,1.4084536962
100,400,25,0,0,0.2605619066,1.1472943413,1.435473478
400,800,800,800,800,0.5174423803,1.1275255242,1.4593732151
100,100,100,800,0,0.8540448344,1.2983831204,1.5260469988
25,800,25,25,400,0.7314220503,1.369331232,1.5726763483
100,25,25,400,0,1.239082672,1.3653683197,1.6369558718
400,400,25,400,0,0.6177731134,1.1711728271,1.4423120977
400,25,100,400,100,1.4691820282,1.4431776697,1.6232635317
25,400,400,100,400,0.5709567159,1.2824186666,1.5634502867
25,100,800,25,400,1.4157848194,1.4571078393,1.6738264421
800,800,100,800,25,0.6538638256,1.1508814765,1.4050686142
800,25,800,800,100,1.0428472117,1.3145355542,1.5328135756
800,25,100,100,100,1.1592846794,1.3010587741,1.5247905208
800,25,25,800,800,1.2241329636,1.3814291099,1.6387722814
800,100,25,100,800,0.7832144779,1.2397657269,1.4928245654
400,25,100,800,0,1.1406285811,1.3766557553,1.7153036232
800,100,800,800,400,1.322688202,1.3930645458,1.6245188145
25,400,400,800,25,0.4518894977,1.275704889,1.5407546512
100,25,100,400,25,1.2329954838,1.4305490681,1.6745188583
400,400,25,100,0,0.644540522,1.1862382555,1.4126922699
400,400,400,800,25,0.5861597997,1.151880505,1.4674352173
800,100,25,100,0,0.7352416129,1.2280873149,1.4035541956
25,100,25,100,800,1.103690315,1.4821419401,1.6362923357
800,800,400,800,100,0.5563965589,1.1067681258,1.4078009269
25,100,800,800,100,1.0069378359,1.3212176853,1.5110597746
400,800,400,25,100,0.6631758044,1.1783735306,1.4344222897
100,25,800,100,800,1.4427468457,1.4388120662,1.6715282922
25,400,25,100,400,1.8895187366,1.7074654978,1.848370641
100,800,100,800,25,0.6669453684,1.2230044718,1.4651095221
800,400,25,0,0,0.2725234796,1.0714678615,1.3472545612
400,25,800,25,25,1.1099823922,1.3751665331,1.5951919749
800,800,800,25,0,0.4287774585,1.0860733277,1.3734521772
800,100,800,25,0,0.7379707607,1.2042266324,1.4467908959
25,400,800,400,100,0.3417021487,1.2752035736,1.4930285909
25,800,400,100,0,0.2847067584,1.3604654151,1.5479405147
400,100,100,100,100,1.0150490993,1.2962377472,1.5843446545
25,25,25,800,0,1.3011673731,1.4557474344,1.6088456785
400,100,25,800,0,0.6231680161,1.1971807186,1.479624431
100,100,25,400,800,0.8063172851,1.3170404726,1.5658437878
800,400,25,25,400,0.5576459765,1.1737888572,1.3999385756
800,25,100,800,0,0.9857048188,1.2924711926,1.5415545879
25,25,400,25,100,1.5164352101,1.4254713536,1.5808600197
800,25,800,800,800,1.2592275027,1.3963135141,1.5903324237
25,25,100,400,800,1.4308581163,1.4983939995,1.7078429179
25,25,25,800,800,1.3472104033,1.4622563699,1.6726831857
800,800,25,100,0,0.6289445115,1.1566098116,1.3934170729
25,800,400,0,0,0.3383522269,1.3381256398,1.5918894449
25,400,100,400,25,0.6986006554,1.2917956452,1.5374772146
400,25,100,800,800,1.6281726012,1.6484168173,1.7787626542
800,100,100,400,100,1.0166843526,1.2812974877,1.6085304498
25,100,25,800,100,1.0604509366,1.4593166058,1.5528554262
25,100,400,400,25,0.971143665,1.3454757681,1.5178713862
400,100,800,100,0,0.7559676671,1.2606455117,1.5239235742
800,25,400,100,400,1.3713352696,1.4530980681,1.6682521416
800,25,400,400,800,1.3833082775,1.4834856605,1.7098422885
400,400,25,800,400,0.5347458455,1.1568123323,1.4281889529
25,100,400,800,100,1.0199115191,1.335836344,1.5118066356
100,25,800,100,400,1.3847807884,1.4103381981,1.6566523691
100,400,100,25,400,0.6669893832,1.2624849916,1.4784149449
100,25,25,800,100,1.409754474,1.4373531889,1.7350226002
400,400,400,400,400,0.5981802735,1.1599648147,1.4717816929
100,25,25,25,25,1.4857297776,1.4596836106,1.6583084686
25,25,25,25,100,1.5249355665,1.4352299455,1.6112032323
100,400,400,400,100,0.5528440677,1.1764050438,1.443179324
25,400,800,100,800,0.4476214992,1.2952100682,1.5677950014
400,800,25,100,25,1.0239413362,1.2431844207,1.4868144716
400,25,25,800,400,1.0972192563,1.3845990112,1.6022009919
25,800,25,25,800,0.7937116075,1.339943119,1.5660280133
800,800,100,400,800,0.5590124108,1.1652507928,1.4321154557
400,25,25,800,0,1.0136522763,1.361114608,1.6481565898
25,400,800,800,0,0.4405923494,1.2911267017,1.5368086177
100,100,100,800,400,1.1340110704,1.3403514762,1.5965159303
100,25,25,100,100,1.5337701894,1.4962999593,1.7327214797
25,800,25,800,100,1.1939366821,1.438668156,1.6235430219
25,25,100,100,0,1.2885558246,1.4289065465,1.6000973388
400,100,400,400,0,0.7420903499,1.2804721682,1.5224466556
800,25,25,100,0,0.9753309341,1.2951414064,1.5304676333
400,800,25,400,400,0.7955191374,1.1934781224,1.4524292619
400,25,800,400,800,1.1863426185,1.4379152139,1.6539574594
25,100,800,25,0,1.0298997492,1.3176978481,1.5324968269
400,400,400,800,100,0.6855089115,1.1874869298,1.5065846412
400,400,800,100,800,0.6828465409,1.2039115158,1.4896016484
800,100,400,25,100,0.9158877222,1.2426545777,1.5029503659
800,800,800,400,100,0.5472362063,1.1186646288,1.4032329122
25,25,400,100,100,1.4333669806,1.4650731256,1.6493916274
800,800,800,25,25,0.6605963848,1.121248668,1.3867702431
100,25,800,800,400,1.4384218773,1.4336705675,1.6768969227
100,800,400,400,0,0.2854433969,1.1765533088,1.4344067353
400,25,800,25,100,1.1850982753,1.3643449533,1.6357598799
100,100,25,0,0,0.4523455929,1.1979728964,1.4553935861
400,400,25,0,0,0.2626494843,1.0818353095,1.3889782454
25,100,25,0,0,0.9397043256,1.342572191,1.5455534172
100,400,800,400,400,0.6017419834,1.1960135106,1.4410158509
800,800,100,25,25,0.4434547776,1.0958832837,1.3575439156
100,25,800,800,25,1.4070596903,1.4192402019,1.6701787617
800,800,100,400,0,0.4466729665,1.1189556606,1.403183766
25,800,25,25,25,1.3301943389,1.4016337183,1.5687065021
800,400,25,100,800,0.7592444903,1.1748530644,1.4489571107
100,400,25,400,400,0.8007314172,1.257532664,1.4601477842
800,100,400,100,25,0.865725366,1.2413735618,1.4884105037
25,100,100,25,0,0.9338476157,1.314956829,1.4809716412
25,100,25,400,800,1.1264001003,1.4804536569,1.6223605974
800,800,100,25,800,0.54263823,1.1478537047,1.4007960546
25,400,400,25,400,1.16157912,1.4092804572,1.623325452
25,800,800,800,400,0.2079120972,1.3523418713,1.6238585588
400,800,800,800,25,0.4782785993,1.1205467897,1.4179505646
25,100,400,100,800,1.1343881279,1.3790854929,1.5353326746
400,25,100,25,800,1.6341763135,1.7110672188,1.8729102932
25,400,25,400,25,1.2977724548,1.4634051179,1.6350468441
25,400,25,25,0,0.754732294,1.2644797355,1.5286640868
100,25,25,800,0,1.0318241831,1.3346332345,1.6232561193
400,100,800,400,800,1.194619624,1.4502122461,1.6848322853
800,25,400,100,0,1.0009063941,1.2853086063,1.5174202221
800,800,400,25,400,0.736279008,1.1796013172,1.4347261639
100,100,25,100,400,1.0071016761,1.3310404454,1.5561675026
400,100,400,100,25,0.842059129,1.2895069236,1.5197808843
800,25,100,100,0,1.1460679535,1.3301350085,1.5141440214
25,25,800,100,100,1.4096449928,1.4660738951,1.6427728631
800,800,800,800,25,0.5207537042,1.0982431153,1.3879724683
25,400,100,25,0,0.5659180854,1.3252371348,1.5142158399
25,800,800,25,25,0.6371707168,1.3227355242,1.6330020076
800,100,25,800,400,0.7872323378,1.2375324632,1.4872110831
100,25,400,25,100,1.2873895041,1.4886406157,1.7259163751
100,400,800,0,0,0.3195969314,1.2182128598,1.440926696
800,25,25,400,100,1.2480477445,1.3224273638,1.5507030235
400,400,400,400,100,0.6222936807,1.180617322,1.4692364304
25,100,400,800,400,0.9247206642,1.3050568018,1.5354277353
800,25,400,0,0,0.723262641,1.2318165138,1.4478593263
400,100,400,25,400,1.013415093,1.3301929203,1.5723105582
800,25,100,800,400,1.1736462922,1.3535889843,1.5617999908
800,400,800,100,25,0.6046740769,1.1553206857,1.4462909534
400,100,400,800,0,0.7644081484,1.2711291695,1.5772910204
100,100,400,25,100,1.2659288581,1.3643237067,1.5740222005
100,100,400,800,800,1.0177477497,1.2933448527,1.5076112634
100,25,25,100,400,1.3885536534,1.4213813285,1.726255831
800,25,400,800,25,1.1606857236,1.353210129,1.5560408141
100,400,100,400,400,0.7098495818,1.2278730124,1.4696558682
100,25,400,0,0,1.0480433947,1.3620194697,1.6628227038
800,400,100,800,800,0.9691881341,1.3496587236,1.5649498457
100,100,100,100,800,0.9053707248,1.3489290712,1.5527298061
25,800,800,400,400,0.1846879722,1.3199936198,1.5870974357
25,25,100,400,0,1.3647135345,1.4566395726,1.6756864421
800,25,100,25,0,0.9847332354,1.255312996,1.4905475503
100,25,25,25,800,0.9974590354,1.3109400516,1.570364956
800,400,400,100,0,0.4642634986,1.1256375954,1.4424303297
800,100,400,400,800,1.3935154708,1.6243069846,1.8127366281
25,400,800,800,100,0.3730632018,1.2910534665,1.548150422
400,400,800,800,0,0.4027561872,1.1801884627,1.5274683577
800,100,100,100,100,0.8748990526,1.2560753124,1.5535756204
800,25,800,100,25,1.1796660919,1.3473370003,1.561392533
100,800,400,25,25,0.4821828206,1.1892523726,1.4422114867
800,25,25,100,800,1.1672711209,1.3505490367,1.5743350224
400,25,400,25,800,1.356939693,1.4659032901,1.7249635411
800,400,25,400,25,0.9279913475,1.2076333523,1.455160049
100,400,25,400,25,1.2347905713,1.3340853744,1.513296535
400,400,400,25,0,0.4599560899,1.135355167,1.4271424705
800,800,100,800,100,0.6477226043,1.1423062091,1.4240045053
100,100,800,25,800,1.3678632512,1.440791816,1.6501935104
400,25,25,400,25,1.0512826823,1.3607938137,1.5643840396
25,100,400,25,800,1.4269007477,1.4327756371,1.6255814515
400,800,400,25,25,0.552862322,1.1426641206,1.4180038313
400,400,800,0,0,0.2293423255,1.1372289325,1.4241192113
100,400,400,25,800,1.1139303408,1.3718748014,1.5643329165
100,800,400,25,100,0.6144530968,1.2096882485,1.4354756001
800,400,100,400,800,0.7129188045,1.1949301585,1.4482882594
400,25,400,0,0,0.820989094,1.3312519056,1.5524358722
25,400,800,100,400,0.4909871933,1.287195523,1.5361481019
800,400,25,400,400,0.6417582275,1.1710395999,1.3926181556
100,100,400,800,100,1.0351265396,1.3067115318,1.548399326
25,800,400,100,100,0.2797378946,1.337324257,1.5601421147
800,400,100,800,400,0.7152208996,1.1752772537,1.4321731224
25,800,100,25,800,0.7935191915,1.4262242145,1.6561603861
400,100,25,100,800,0.8203964501,1.2679685438,1.5200980024
400,400,100,800,800,0.9399032902,1.334770664,1.6084760821
100,800,25,800,0,0.7861047953,1.2674555661,1.5034176298
800,100,100,800,800,1.6227846566,1.6622548267,1.8246744046
800,800,25,400,100,0.8344354488,1.1684905976,1.4053933399
100,400,800,800,400,0.5954760411,1.2228279895,1.4825204314
400,800,25,100,0,0.6392060817,1.1746511715,1.4402813841
800,100,25,800,100,0.6367793391,1.1925659167,1.4197270962
400,100,100,25,25,0.891916885,1.3132387425,1.573380166
400,25,100,400,0,1.0441779172,1.4005740511,1.648475831
800,100,400,800,800,1.4610482542,1.6307241168,1.8441746254
25,800,800,0,0,0.3864071458,1.3224840782,1.5454640897
400,25,25,100,400,1.1238739978,1.3833460058,1.6284110251
25,25,100,100,800,1.4499424376,1.5126639472,1.7608828332
100,100,25,400,100,0.834313131,1.3713563023,1.5804393651
25,800,400,100,25,0.4085937311,1.3299554189,1.6161652587
100,400,100,25,100,0.6232178935,1.2362082137,1.4504041447
400,800,400,800,100,0.4934306886,1.1130931483,1.4514645251
400,25,100,400,800,1.1628056848,1.3987110444,1.6073991678
25,400,800,400,0,0.5169353718,1.271767056,1.5380922674
25,400,25,25,25,1.1598611817,1.3614747574,1.5461260537
100,400,100,800,25,0.636558122,1.2329874011,1.4838713414
400,400,400,400,800,0.6584414133,1.2299380886,1.4916431507
400,400,0,0,0,0.1883576662,1.1208648502,1.4452075533
25,25,100,25,0,1.2648642073,1.3729828955,1.638438625
800,100,800,0,0,0.4456880353,1.1951739843,1.4557332411
25,400,25,400,400,1.2664556033,1.4834970566,1.6367503831
100,800,400,100,25,0.3200488021,1.156485288,1.4170423597
400,25,25,800,100,1.1303773319,1.4002579457,1.6087962131
25,100,400,100,400,1.0966777358,1.3728512795,1.5151102362
400,25,25,400,0,0.9835372712,1.3508689136,1.5867483024
800,100,100,400,800,1.4493591873,1.6239803122,1.8710845112
25,400,400,25,800,1.2660014523,1.4357931257,1.6540488314
400,25,100,100,0,0.9773533863,1.3310523341,1.5439055331
800,25,400,800,400,1.1765816026,1.3195644515,1.5249564257
400,400,100,400,100,0.713473573,1.1687808853,1.4579623267
800,400,100,100,800,0.6583644203,1.1668730253,1.4499121454
25,800,100,400,400,0.5923808114,1.3016483031,1.5613186526
100,800,400,400,400,0.2870849936,1.1936952289,1.4457872751
800,800,400,400,25,0.4949460243,1.1074230104,1.4031799751
800,25,800,400,100,1.2039028499,1.3720210265,1.5748010324
800,800,25,25,400,0.6278642087,1.1569148181,1.4271874473
25,800,800,400,25,0.3320179691,1.3594118621,1.5937057008
100,800,100,800,400,0.4180070838,1.1828179152,1.4743407022
25,800,800,800,800,0.1896473705,1.3819331987,1.6020131652
800,400,400,0,0,0.3295355987,1.1167239048,1.4120812591
400,400,800,400,400,0.5739521583,1.1464967925,1.4648953019
25,400,800,25,400,1.0000695555,1.3699178232,1.6157955352
400,25,25,400,800,1.1000825667,1.3932220842,1.6223020211
100,400,0,0,0,0.2279859537,1.2480458384,1.5104916334
400,100,800,800,25,0.9441581794,1.2739593628,1.4944195732
100,800,100,100,800,0.6128311484,1.2481084788,1.5327883221
400,25,400,25,25,1.2889785719,1.3405692675,1.5731061867
25,100,25,25,400,1.0231559081,1.3735717431,1.5057234484
100,800,100,25,800,0.5636371004,1.2413144352,1.4620831379
100,400,400,100,25,0.4892293011,1.1748768168,1.4461871586
100,25,25,400,800,1.3237929415,1.4092530619,1.7005647092
100,100,100,25,0,0.6995097529,1.2125975718,1.5107033198
100,400,400,800,400,0.5749224629,1.226719192,1.4810637272
100,800,400,0,0,0.1579542814,1.1371546693,1.4240316549
400,100,800,25,100,1.0883665093,1.2995467121,1.5219457943
25,100,800,100,0,1.1441798154,1.3093918641,1.5483919665
100,25,100,800,800,1.4043362838,1.4427957043,1.7074908604
800,400,400,400,0,0.4484208008,1.1253875625,1.414576624
25,100,100,100,100,0.9921075661,1.3213222213,1.4813953964
400,100,100,800,800,1.0966519269,1.3131543676,1.5928256725
400,400,100,25,25,0.4454280762,1.1459773223,1.4308416124
800,400,400,800,400,1.0466641829,1.2856331805,1.5573067973
400,400,25,100,100,0.9525496606,1.2279301501,1.495259406
100,800,800,25,25,0.5884121748,1.2052655306,1.4362664289
25,800,800,25,100,0.7165765557,1.326689419,1.618285935
800,800,800,100,100,0.5108617879,1.1030654282,1.4009979078
100,25,800,25,400,1.4781226291,1.4577170729,1.6723811219
400,100,100,100,0,0.6806614884,1.2461705278,1.5022204941
400,800,100,400,100,0.5406988725,1.1576298291,1.428553751
100,100,800,400,400,1.0441735555,1.3203425117,1.5237907416
400,25,25,400,400,1.1072649165,1.3844683756,1.6164529529
400,400,25,400,100,1.1792362208,1.3030333691,1.5349717623
25,100,100,400,100,1.0127514554,1.3147256591,1.5283185811
25,100,400,400,100,1.0779812622,1.3378710957,1.5433690927
25,400,400,800,100,0.4506734271,1.2811533789,1.5492705138
400,800,400,25,0,0.3483550374,1.0937071414,1.4046116362
100,400,400,800,800,0.6251083628,1.1885822514,1.4580827379
25,100,400,800,800,0.9483420513,1.3692532105,1.5434181419
800,800,400,100,100,0.4716833371,1.1005865913,1.4162913618
100,100,100,25,800,0.7702302656,1.284490122,1.5272920945
100,400,100,25,25,0.4902371782,1.1829882267,1.4343159488
25,400,800,0,0,0.5821785043,1.3126025245,1.5255099005
100,100,100,25,25,0.8737656337,1.3102706966,1.5154421328
400,400,25,25,25,0.7385955209,1.1434170024,1.4276424391
800,800,800,25,100,0.8688958418,1.1928520351,1.4294620293
800,800,25,25,25,0.6823785011,1.1237887171,1.3749985897
800,100,25,25,0,0.6268234946,1.1641265807,1.4122067685
100,25,100,100,100,1.4471400273,1.4710236062,1.7131336501
800,100,100,800,0,0.6681730884,1.2377785361,1.4554078538
800,25,25,25,25,1.3023323247,1.337151423,1.5289983005
25,400,100,800,0,0.590437304,1.3317691159,1.533196643
25,800,400,800,800,0.2907429583,1.3539057268,1.5977656942
800,100,800,25,400,1.0294195013,1.2616015858,1.4928924828
400,800,100,800,400,0.4513199312,1.1564286262,1.4547573813
100,100,25,25,0,0.6977439113,1.213748183,1.4315241736
100,25,400,100,800,1.4175669633,1.5044593792,1.7478061641
25,100,400,400,400,1.029662802,1.3274265077,1.5515440227
800,25,800,25,400,1.222201974,1.3714437705,1.5961894291
100,100,100,800,100,1.0611969094,1.3304729613,1.5712117492
400,100,800,800,800,1.0975197756,1.3583585298,1.6562860863
100,800,100,400,0,0.4237669951,1.1921763235,1.4153001988
25,800,400,800,25,0.3660812937,1.3403279016,1.5942264726
100,25,25,800,25,1.2112365979,1.4017916963,1.6889831292
400,400,25,100,25,1.1042148928,1.2761443719,1.5086246417
25,400,100,800,100,0.6707610895,1.3155758217,1.554800693
800,100,25,25,25,1.2150755476,1.2882687656,1.5214641642
100,100,25,800,400,0.813534969,1.3065800091,1.5496197687
100,25,100,400,400,1.3882402354,1.4382766895,1.7181319671
100,100,400,100,800,0.9709537759,1.3489723002,1.5845950725
400,800,800,25,25,0.5295192705,1.1255497133,1.4199083964
100,100,25,100,800,0.8373379172,1.2736292868,1.4863358121
25,100,100,100,800,0.9692109531,1.3085424844,1.5348551806
25,400,25,800,0,0.8805562514,1.3651733994,1.6036122332
100,100,800,800,800,0.982840687,1.3183511953,1.5146027504
100,100,100,25,100,0.9170802507,1.3249069396,1.5227501461
100,800,800,800,800,0.2209331515,1.180522936,1.4444696379
25,400,100,400,0,0.531544138,1.3410307457,1.5601227503
100,0,0,0,0,1.1144967086,1.4461778922,1.6550713557
800,400,400,800,800,1.1876691549,1.5650718044,1.8021445325
400,25,800,25,400,1.2302941992,1.3694549571,1.6572309544
25,25,100,800,0,1.4210821518,1.4761175324,1.6593695379
800,400,800,400,0,0.4939477301,1.1748131824,1.456251506
800,800,800,100,800,0.6790918396,1.1643185457,1.4149029158
100,800,25,100,800,0.7620504918,1.2566023025,1.4619981304
25,25,800,100,800,1.6966282851,1.6337457322,1.8345637203
25,25,400,400,800,1.5477945716,1.5138115695,1.7166300802
800,400,400,25,25,0.6408700452,1.1349676541,1.4121879774
100,100,100,400,25,0.9357627318,1.2997609029,1.5215723146
800,400,400,400,800,0.7872011655,1.2753158378,1.5137900182
25,400,100,100,800,0.6471846517,1.3685192645,1.5515137394
400,400,25,800,0,0.5905614215,1.1862250006,1.4615791374
25,400,800,100,100,0.4234227614,1.262528943,1.5297042723
800,25,400,25,400,1.6109290261,1.6112960008,1.8085609673
25,25,100,800,25,1.5300868687,1.4988376731,1.7140753903
25,25,400,800,800,1.6412646257,1.5898789158,1.7994363982
400,400,25,800,100,0.5829631686,1.1747103763,1.4646225962
25,25,25,400,0,1.2605488942,1.3844410043,1.5811964691
400,25,400,400,800,1.2226574628,1.3965223541,1.6392798538
25,100,800,800,0,0.9732125933,1.3389208002,1.5430306863
100,25,800,100,100,1.3707961412,1.3827789192,1.6744141412
800,100,25,400,100,0.6601712016,1.1785991264,1.4261940415
800,800,800,400,800,0.5992327098,1.1847267421,1.4289714537
25,400,100,800,800,0.7073809637,1.308294879,1.5342359571
100,800,100,25,100,0.6495239615,1.2362784404,1.4510128881
25,25,800,100,25,1.4764439376,1.4703704252,1.6668761195
100,25,100,800,100,1.3734086129,1.4457235515,1.7060187607
25,800,800,400,800,0.2745860823,1.3429731487,1.6250454431
400,800,400,100,400,0.5869313621,1.161749276,1.4598892309
100,25,100,800,400,1.3830237963,1.4574500128,1.7354574868
100,800,0,0,0,0.1601243339,1.2215782598,1.5153089509
400,25,400,800,100,1.3551858548,1.4025036811,1.6157617068
100,400,400,100,800,0.8933858907,1.2722144103,1.4854505574
800,100,100,400,25,0.9247843925,1.2589573903,1.5250192482
400,800,800,100,100,0.4667977854,1.1364481656,1.4489542547
100,100,400,800,400,1.0228166336,1.2857012841,1.5246004584
25,100,400,25,400,1.3714409961,1.3743469932,1.55170599
400,25,800,25,800,1.3627785685,1.445090231,1.6520331263
100,400,400,0,0,0.2500175995,1.1712906229,1.4177558868
800,25,400,25,100,1.0495061109,1.2893562561,1.5315442545
25,100,800,100,25,1.066934438,1.3182730327,1.4951792714
25,100,100,25,400,1.1442181195,1.3465132614,1.4904739154
100,100,100,100,25,0.9850875129,1.3134896535,1.5662433874
400,100,25,400,400,0.7419629734,1.2300860835,1.495228761
400,25,100,400,400,1.3118521562,1.4121315133,1.7157853777
400,800,0,0,0,0.1282523319,1.1166911469,1.4445745014
400,25,800,800,800,1.1781955333,1.4137456299,1.6131692549
400,400,400,100,25,0.5693479429,1.1442433668,1.4465632956
800,25,800,100,100,1.1301962955,1.366776328,1.5402417712
25,800,800,100,25,0.3516929538,1.3372810875,1.5932744293
800,800,25,800,800,0.60674846,1.138758195,1.3892236891
100,25,25,25,0,1.3292489738,1.4272949378,1.6619057416
100,100,800,100,25,0.9900648118,1.2739653008,1.5275108899
100,25,800,800,0,1.3824258597,1.4222099515,1.668827467
100,25,25,400,400,1.0745578109,1.3745544805,1.6636193339
25,25,100,25,800,1.4139291521,1.4300472212,1.6590614411
400,100,400,800,25,0.9235527687,1.2708543854,1.5225358637
25,400,25,100,800,1.1545116163,1.6795640511,1.8353326078
800,800,800,400,25,0.5266774745,1.0984413149,1.3831270302
100,100,100,100,100,1.0770117138,1.3245963599,1.5551376942
25,400,800,400,400,0.3148433245,1.2669248743,1.5603320592
100,100,800,25,400,1.2628434647,1.3838608375,1.5687314787
800,100,800,25,800,1.1200323411,1.3384975926,1.5530690862
100,100,25,100,0,0.9449056087,1.270084956,1.5148574182
100,400,400,400,400,0.5625435715,1.203819439,1.4856256528
800,800,25,100,800,0.9344042868,1.184698152,1.4506210699
100,800,100,800,100,0.4718515509,1.1733959743,1.4487584362
100,800,400,100,0,0.2876865625,1.1526513146,1.4296618149
400,25,400,25,400,1.2817494892,1.4123376508,1.6326085916
400,25,25,25,0,1.0375695352,1.336500851,1.5505416623
100,25,400,800,0,1.3290568804,1.3929409783,1.6842632353
800,100,800,100,0,0.7201058685,1.2333812716,1.4625406799
400,400,100,800,400,0.6353410934,1.1940632817,1.4945000827
400,800,100,100,0,0.232384765,1.0863602625,1.4015285149
800,25,100,25,25,1.1503670318,1.316208186,1.5291690675
25,25,100,800,400,1.4809926709,1.4820546523,1.7504156047
800,400,25,100,100,0.8259276862,1.1852976295,1.4385495807
100,400,800,400,25,0.6544208587,1.2087738156,1.4348918607
25,800,800,100,800,0.3758257418,1.3448541542,1.5919666996
800,400,400,100,25,0.6118721925,1.1482084152,1.4496928682
400,25,25,25,25,1.3557079811,1.3529377252,1.5725849337
800,400,25,25,800,0.5467843778,1.1534122069,1.4338510212
100,400,100,800,800,1.4050755898,1.3855015457,1.5985525034
800,800,800,800,0,0.5251125485,1.1933365771,1.4107560575
25,400,400,400,100,0.4622872927,1.2719952196,1.525511038
400,400,100,25,100,0.549410951,1.161835345,1.4257755016
25,25,800,0,0,1.3420094065,1.3708367102,1.5722746446
100,800,400,100,800,0.7121941109,1.2597679017,1.4694006236
25,100,800,400,25,0.9745788475,1.3514249994,1.5410369005
100,100,25,400,400,0.7387268195,1.2816504662,1.4875848428
100,400,400,100,0,0.4334828545,1.1789049975,1.4245550462
25,400,25,400,100,1.1569023674,1.3981462948,1.6452942887
100,400,800,400,0,0.493877074,1.1743002102,1.4425738189
100,100,800,400,800,1.0588115019,1.3186385009,1.5661760504
100,25,100,25,100,1.5145744048,1.4888132686,1.7437167796
400,25,800,100,0,1.1016957503,1.3622596801,1.6251530673
100,25,100,100,800,1.3655628341,1.4402264915,1.725259606
800,25,800,100,400,1.1770683004,1.3541310553,1.5925408096
100,800,25,400,800,1.5032079531,1.542578982,1.7911109399
800,100,25,25,100,1.1345461534,1.2519943689,1.5121345234
400,100,25,800,800,0.769806541,1.2849668927,1.5030094052
100,800,800,100,100,0.3951948146,1.1729612176,1.4304384426
100,800,800,25,0,0.3510971023,1.1888353471,1.4308406269
400,0,0,0,0,0.8896952108,1.3565534236,1.5782658841
25,100,100,800,0,0.9594290799,1.3304798112,1.4892488871
400,25,100,100,25,1.4501649108,1.4126164198,1.6143514833
800,25,800,25,0,1.0193101318,1.2654156189,1.5005944096
100,25,800,100,0,1.3917185396,1.3600944991,1.6405848244
400,400,400,100,800,0.7108325656,1.1976620107,1.457691157
800,800,800,400,0,0.373178761,1.1079147361,1.3724244802
25,800,800,800,100,0.3993082742,1.3548437518,1.609123058
100,100,25,100,100,0.9093602364,1.337001405,1.5716827874
100,800,400,400,800,0.3322311104,1.2260239634,1.471159059
25,25,800,25,100,1.5524260105,1.5172086661,1.7063701486
100,400,800,100,400,0.8475111455,1.2242851839,1.4487295607
800,400,25,800,400,0.5641115267,1.1677642804,1.4115527751
400,800,400,800,400,0.5270084128,1.167402651,1.4374156708
400,100,400,0,0,0.4491893782,1.223709976,1.5028851784
800,400,400,800,0,0.4706344367,1.1625303683,1.4681134832
25,800,800,400,100,0.346502377,1.3057442004,1.5875995762
400,100,25,100,100,0.892595439,1.2833724025,1.5706386675
25,25,25,800,100,1.2912253979,1.4551318876,1.6654070657
25,100,400,400,0,0.9498566523,1.3555119231,1.5057617476
25,25,0,0,0,1.0394453536,1.3317653598,1.5116222697
800,100,400,400,25,0.9234389881,1.2474375943,1.4806054814
800,25,25,100,25,1.528706204,1.4113303905,1.6027098022
800,100,400,400,400,0.9001846299,1.2733614601,1.4919293295
400,100,100,800,0,0.6759972882,1.2429928491,1.480527243
25,400,800,25,800,1.2983786367,1.412782821,1.6464837425
400,25,100,0,0,0.7492978128,1.2142264625,1.4687287273
25,800,800,800,25,0.3401037976,1.3338538042,1.6070905294
25,100,400,0,0,0.9893856895,1.3352406173,1.5438040529
800,800,400,100,0,0.3425723949,1.0873845627,1.3727446443
100,100,25,100,25,1.157963419,1.3527190717,1.5819920523
100,400,100,400,800,0.7100155441,1.2714612417,1.5033639628
800,800,800,800,100,0.5824857414,1.1100082168,1.4154639404
100,400,25,25,400,0.7009254986,1.248506054,1.495171136
800,25,400,400,0,0.9471083306,1.2734902695,1.5304855497
25,800,100,100,0,0.3146520073,1.3093282196,1.5498065722
800,100,25,400,800,0.80496582,1.245096076,1.478922842
800,25,400,25,800,1.7484264511,1.6733608301,1.8300070244
800,100,400,0,0,0.4089917964,1.1459157667,1.4179047386
400,800,25,800,400,0.5493623035,1.1785007643,1.4425588554
100,400,800,400,100,0.590060548,1.2044548607,1.4499382809
25,25,400,800,0,1.3648601035,1.3945323901,1.5735816263
25,25,400,25,400,1.7599174602,1.6449753274,1.8495886751
25,400,400,25,100,0.9463949027,1.3090579527,1.5709166434
400,100,25,25,0,0.5649541838,1.154770337,1.4159751611
25,800,100,0,0,0.3357761844,1.3375650057,1.5770692059
25,800,25,400,25,0.9210801271,1.2874860607,1.5591954434
400,800,400,400,25,0.4353641332,1.1130596229,1.4259979606
400,800,800,400,800,0.5409947611,1.1555731162,1.4761068629
100,800,800,800,400,0.3601311179,1.2140430399,1.4762908301
100,400,800,25,25,0.7685407329,1.2338329586,1.4494358696
800,25,100,400,0,0.9207748263,1.2733804143,1.5110517316
400,100,400,25,25,0.7984444709,1.2267307809,1.4734782169
800,400,100,25,100,0.753938303,1.1722718034,1.4128367941
400,400,25,800,25,0.6608958656,1.1726700038,1.440849056
800,25,100,400,800,1.3051378269,1.4272461452,1.6893027606
25,100,400,800,0,1.0632461911,1.3397280421,1.4886949508
800,100,800,100,100,0.8177811826,1.2436849326,1.4945757951
400,400,800,100,0,0.4117527992,1.1589825337,1.4375247347
400,800,800,400,400,0.4287232609,1.1180759768,1.4615833681
800,800,100,25,0,0.3254579069,1.0920070197,1.3532081242
100,800,100,25,400,0.6001831873,1.227566736,1.4542975036
100,25,25,800,400,1.3463082447,1.4279274103,1.6848910486
400,25,400,100,25,0.9697015578,1.3163732463,1.5268802129
25,800,100,800,0,0.5760132422,1.3363805156,1.5673927889
400,400,100,400,800,0.7149070768,1.2070308669,1.4824123301
800,100,800,400,800,1.2171941211,1.4887710026,1.7095617383
25,25,25,400,800,1.3713908949,1.5098964989,1.6472268779
400,100,25,100,0,0.7126286317,1.2494830058,1.4766074267
25,25,25,25,0,1.3052175633,1.339891599,1.5381479898
800,800,800,25,800,0.7970383068,1.2278661522,1.4800048772
25,400,25,400,0,0.8736455589,1.373822207,1.5699672093
800,100,400,100,800,0.8072400974,1.2705954865,1.5100655565
800,400,100,800,25,0.6915013779,1.1657176529,1.422899172
25,100,25,100,25,1.1164628971,1.3801203006,1.5441117015
100,100,25,400,25,0.7399178987,1.2802363248,1.4633824949
100,800,25,400,100,0.6131498762,1.2681834493,1.5015667607
100,400,800,100,100,0.6516950199,1.2051414894,1.4703489807
100,25,400,100,0,1.3621299639,1.384015499,1.6470822904
800,400,800,400,25,0.6532345395,1.1380474908,1.4223459393
400,100,400,400,800,1.177079426,1.536923246,1.7371136132
100,800,25,400,25,1.0773683461,1.303922248,1.4648950971
25,100,25,800,25,1.068923929,1.4117989488,1.5803337626
25,100,25,400,25,1.0748054233,1.4275979789,1.600986003
100,400,800,25,800,1.2919764832,1.3585894683,1.5721238512
400,800,100,800,100,0.5023724342,1.1431553622,1.4459095943
25,25,400,800,400,1.5086390042,1.5162339971,1.7020273348
800,25,25,100,400,1.1961109221,1.3206147067,1.5808479091
400,800,25,25,0,0.5648204488,1.1111646715,1.3962281722
100,25,400,800,100,1.3983665334,1.4131623467,1.6987140531
25,800,400,100,400,0.4713065811,1.3366160781,1.5675587755
25,100,800,800,400,0.8437242551,1.3349660745,1.5382036338
25,25,800,25,400,1.6938378484,1.5647334259,1.7716388831
400,800,100,400,0,0.3455473568,1.122368345,1.4464623042
800,400,800,800,25,0.6597772154,1.1231208599,1.4308148712
800,100,400,25,800,1.0307298611,1.3143442167,1.540931027
400,400,25,100,800,0.951260834,1.2253527704,1.4926811134
100,800,800,400,100,0.3530800905,1.1853902879,1.4462041154
100,800,400,800,800,0.3141608916,1.2358398207,1.4994368845
400,800,400,25,400,0.7115580212,1.2024861203,1.4590209505
25,100,25,800,800,1.1219702399,1.4729692085,1.6072668361
100,400,100,100,0,0.2700414074,1.1750115251,1.4728769978
100,800,400,400,100,0.3181199138,1.1862944938,1.4697347786
25,100,100,400,800,1.028194208,1.3570011999,1.5812356577
100,100,0,0,0,0.5538119316,1.2585284659,1.5030398105
25,400,100,25,400,0.9154320723,1.4245761887,1.6201790254
800,25,100,100,400,1.2998442802,1.3644939088,1.5657452523
800,400,800,25,100,0.9226261244,1.2021392386,1.4578192062
800,400,100,800,100,0.7221683082,1.1679523954,1.4253712228
800,800,25,400,25,0.9690577776,1.2279600373,1.4525772917
800,100,800,100,25,0.8688489976,1.2527532298,1.5054131963
400,25,800,25,0,1.0486817822,1.3802766931,1.5868395438
800,800,100,100,100,0.431043952,1.1287055903,1.3814293151
100,25,400,400,0,1.3228095143,1.388306353,1.6819609391
400,100,800,100,800,0.9460226354,1.3118176806,1.5518541007
100,100,100,400,400,0.9559629259,1.2767945217,1.5655106685
400,800,800,400,0,0.3535458367,1.1242633487,1.4309374739
800,800,25,100,100,0.8809407417,1.1697033655,1.4376639193
100,800,100,100,100,0.3292214837,1.1729839506,1.4519302287
400,400,800,800,800,0.7357730418,1.1917166022,1.4923427228
800,25,400,100,800,1.6076527974,1.6688193772,1.8542662701
400,400,100,25,0,0.3366576646,1.109087732,1.3936623502
400,25,25,100,100,1.5269240602,1.4291675723,1.6045472641
100,400,100,100,800,0.5989424877,1.2692630347,1.5050956868
25,25,800,100,400,1.6785423444,1.6096232979,1.7806538961
100,800,25,25,0,0.4799631484,1.1282262973,1.4057197443
100,400,25,800,25,0.6651533851,1.2441310436,1.4745633359
25,400,800,800,25,0.4218981827,1.2835594496,1.5373336082
400,800,800,25,800,0.7731857409,1.2290789959,1.5068459836
800,400,800,400,100,0.7076480924,1.1809334473,1.4877671775
25,400,100,100,25,0.5791633639,1.2947067552,1.5332860043
25,25,800,800,800,1.6700732335,1.5990483954,1.7959259471
100,800,800,100,400,0.6127384368,1.2330129034,1.4714241173
800,400,400,400,400,0.6499173891,1.2035580111,1.4673515942
25,400,400,800,800,0.3579697397,1.2977427143,1.5234935807
25,800,100,800,800,0.7992667295,1.3444458886,1.6049326502
100,800,25,0,0,0.2438815141,1.1507652303,1.4254271475
25,800,400,25,0,0.3817456513,1.3254749963,1.5553499789
800,100,800,25,25,0.8813491069,1.2347347964,1.4693226495
25,100,25,800,400,1.0695064359,1.4454812161,1.5263612591
25,0,0,0,0,1.3327205768,1.4851919771,1.5724132939
25,400,100,400,100,0.7140414717,1.3072533628,1.533083672
400,400,25,25,0,0.5464517344,1.1280699361,1.4046666958
800,800,100,25,400,0.5587282083,1.1514981256,1.3959370323
400,800,100,800,800,0.5217968619,1.2392939086,1.4692109795
25,25,25,100,400,1.3342247639,1.4355775856,1.6785892249
800,100,25,100,100,0.9987492253,1.2477710238,1.5370241532
400,25,25,100,25,1.3740234363,1.3882450323,1.5730314764
100,800,25,800,400,0.7271053056,1.3074284236,1.5382960551
400,100,400,100,800,0.9090633785,1.288352258,1.5193065324
800,25,100,800,100,1.3597197944,1.4276000043,1.6622155963
100,800,400,400,25,0.3460891537,1.1934411961,1.4303522898
800,100,25,400,25,0.7674008582,1.2225576361,1.4455877263
25,400,25,25,400,0.7309330173,1.4102002062,1.568217408
25,100,800,0,0,1.0400827235,1.313757055,1.5031370392
25,25,800,800,100,1.5718082544,1.5417989405,1.7332710152
25,800,400,25,800,1.0833972847,1.4495145829,1.6811942771
800,100,25,100,25,1.0342972309,1.2424077766,1.4955473689
25,800,25,25,0,0.5917823638,1.3110663719,1.5570298105
25,800,25,800,25,0.9826634555,1.3727467937,1.5943613037
400,100,25,800,25,0.7001763,1.1965709865,1.4498450768
800,25,400,400,100,1.2281162197,1.3633726161,1.5803133173
100,25,100,800,25,1.3074327881,1.4082718988,1.705471522
100,800,25,400,400,0.706954292,1.2771090348,1.4720781638
400,100,800,400,400,0.8780013714,1.2712648887,1.5300789877
400,25,100,800,100,1.4516138548,1.4208916376,1.6087386718
25,100,400,25,100,1.3449083805,1.3789106027,1.5823217785
100,400,800,25,0,0.5529238745,1.1647391402,1.4528411113
800,400,25,400,0,0.6039906236,1.1656463775,1.4062336163
100,400,100,25,0,0.3342843605,1.1581744602,1.4252115406
400,100,800,800,100,1.0781270363,1.3331028468,1.6398866063
100,100,400,800,25,0.9857719276,1.2647243222,1.5059964337
400,25,100,400,25,1.2428009464,1.3802134857,1.5887240052
100,400,800,800,25,0.6133202745,1.1997844309,1.4534320521
800,400,25,100,400,0.7496228177,1.1899293929,1.4409864136
800,100,800,100,400,0.8427348192,1.2167674116,1.4645862032
400,100,25,400,800,0.8191162638,1.253621488,1.5389094702
25,100,800,25,100,1.2571420689,1.3665051942,1.5496676315
800,400,25,400,100,0.4759983998,1.1409177557,1.3933519246
25,400,400,800,400,0.3802462818,1.3005643451,1.5291406239
25,100,100,100,25,1.0115710674,1.3401592768,1.4920294639
800,100,100,400,0,0.6345088812,1.2526416343,1.496606663
800,25,100,25,400,1.6059464491,1.661320995,1.823754077
800,25,800,400,0,1.0038123468,1.2901044007,1.5436872123
400,800,100,25,0,0.3032187796,1.1084962727,1.3928064336
800,400,800,25,400,0.9820681944,1.2336061683,1.4771481421
25,25,400,25,25,1.5020128778,1.4543419924,1.5993190941
100,400,100,400,100,0.6236314002,1.2208873234,1.4832069338
100,100,25,800,100,0.837950434,1.3216344137,1.5342613371
800,100,100,100,400,0.8920381628,1.3044604973,1.5452919539
25,800,400,800,400,0.2848639765,1.3322221549,1.5628879096
100,400,800,25,100,1.1556362496,1.3570533307,1.5495153413
400,100,100,25,400,0.6818416331,1.2632745775,1.4743396379
800,25,25,400,25,1.3807091772,1.3604888465,1.5417212513
100,800,25,800,25,0.9380047346,1.3797886976,1.5715281795
400,25,400,800,0,1.0348310038,1.3465367593,1.6042888348
100,800,100,100,400,0.6815124185,1.2221162933,1.4425305304
25,100,400,100,25,1.0599570126,1.3209908665,1.5196890317
25,25,400,400,25,1.4348456814,1.4627027215,1.6803791369
400,100,25,800,400,0.7922565576,1.2710326131,1.5354380696
25,25,400,400,0,1.4194063056,1.417951905,1.6420846938
100,100,100,25,400,0.8427556879,1.3152975473,1.5514859771
400,800,25,800,25,0.6130505178,1.16508959,1.4330794513
25,100,25,400,400,1.0928898722,1.4605572453,1.6196799616
800,25,800,800,0,1.0284971996,1.296777877,1.5269321222
25,800,100,25,100,0.869267672,1.3432250111,1.5492552931
100,25,400,100,400,1.358224826,1.4129587053,1.6996419954
100,800,800,400,25,0.3432447734,1.1861751514,1.4572430384
800,25,25,25,0,1.016374124,1.2779860491,1.5201389452
25,800,25,100,400,0.9247345278,1.3932916897,1.5698597848
800,100,25,100,400,0.8687106171,1.2390353503,1.4695903855
400,100,100,400,0,0.6931767179,1.2558933322,1.4794078655
100,100,100,100,0,0.765328067,1.2666205451,1.5299576233
100,400,100,0,0,0.1789747844,1.151299826,1.4297126762
800,400,800,25,25,0.7352419835,1.1438577287,1.4372252082
400,25,25,800,800,1.1835688528,1.424926735,1.6581781914
25,25,400,100,0,1.4479136162,1.4891967465,1.6663171735
100,400,400,100,100,0.5100177635,1.2040440293,1.4731393349
25,100,100,100,0,0.9293675057,1.3350101433,1.4985260476
800,800,400,25,0,0.4157518699,1.090142949,1.3782502063
400,400,800,25,100,0.9417657465,1.217104596,1.4733987093
400,100,800,400,100,0.9375853411,1.2705053497,1.5525326664
800,800,100,400,100,0.6536597622,1.1404731591,1.3995195647
400,100,400,400,25,0.9588346514,1.2667774397,1.549222618
800,100,400,400,0,0.7297970264,1.2121960577,1.4904849064
400,400,400,25,100,0.8875672482,1.2103742537,1.4767670795
25,25,100,800,800,1.5303651802,1.5534950304,1.7522867721
100,100,400,100,400,1.0587251133,1.3090916351,1.5363209353
800,25,800,800,400,1.2029306636,1.3341362257,1.5854132836
25,25,800,25,0,1.4695544007,1.4297457101,1.6481732413
25,100,800,400,400,0.8637531742,1.3364084767,1.537353159
100,25,25,400,100,1.2603954555,1.4032046599,1.7487813315
100,800,800,800,25,0.3513391535,1.1790025291,1.435746802
100,400,25,400,800,1.3226603449,1.3758673048,1.5920557035
100,800,800,800,100,0.3621491327,1.1837558312,1.4571317288
400,25,400,25,0,1.0693730607,1.3258991284,1.5799258663
100,25,800,25,0,1.343166852,1.3542060495,1.6375876473
800,25,800,25,100,1.1349439898,1.3062317641,1.553156298
100,400,100,800,100,0.7914514617,1.234314034,1.488777789
400,800,400,400,0,0.3065818596,1.1260691929,1.4315066364
100,25,25,400,25,1.136612108,1.4185801359,1.6727436338
800,100,100,25,800,0.7884750366,1.2415394108,1.4959413451
400,25,100,25,400,1.3741090389,1.4290730205,1.6644970517
400,100,25,25,100,1.0424396282,1.2819451948,1.5702275288
100,800,100,800,800,0.7373610526,1.3960010844,1.5748990152
100,800,400,25,0,0.3111810393,1.1502828503,1.4231127924
25,25,800,400,25,1.5191594788,1.5068805892,1.7144672286
400,25,100,100,100,1.3039575328,1.3854094358,1.6126521687
100,800,800,25,100,0.6830667059,1.2249447183,1.4810320969
25,100,100,0,0,0.9649853041,1.308758961,1.4839288077
400,800,25,25,400,0.6777088165,1.1978516523,1.4818198968
400,400,800,800,25,0.6391039428,1.1613728751,1.4686207688
400,800,100,800,0,0.4093531567,1.1586569964,1.4283781865
100,800,25,800,800,0.9201404868,1.4173230748,1.5987660995
100,400,800,800,100,0.6758280609,1.1999730383,1.4583569608
800,100,100,100,25,0.9199452287,1.2677068674,1.5097575432
25,25,100,100,400,1.3659349127,1.503334736,1.6796759118
25,400,100,0,0,0.4526602345,1.3410626635,1.5635089118
800,800,800,25,400,0.8942499244,1.2027291808,1.432900385
800,100,100,25,0,0.7399343373,1.1940174897,1.4554791546
100,800,25,400,0,0.7507575045,1.2458684191,1.4814032085
100,400,800,800,0,0.5348257424,1.1867546686,1.4547290204
100,800,800,0,0,0.2184799548,1.1799024658,1.435449716
100,100,800,100,400,1.0354555991,1.2894075779,1.4921315013
25,400,800,25,100,0.8283393286,1.2888020351,1.5610134932
25,800,25,25,100,1.1590963333,1.3718546904,1.6515694723
800,100,25,400,0,0.6454323003,1.2157076879,1.4415924378
100,100,800,100,0,0.9426204147,1.2337472863,1.5120091379
25,100,400,100,100,1.0047374375,1.2923446118,1.4884122323
100,25,800,100,25,1.344702014,1.4008573407,1.650139401
400,800,25,25,800,0.6376690541,1.1994972724,1.4278218748
800,800,400,400,100,0.4978187808,1.1212587503,1.3966887687
800,25,800,400,25,1.2194160614,1.3285261247,1.5829436202
800,25,25,400,800,1.2634603267,1.4109701794,1.6200623862
100,800,800,100,25,0.36935242,1.1806905583,1.4496596057
400,100,25,25,400,0.6350681954,1.2281716254,1.4837228153
400,100,400,400,400,0.9811983105,1.3179858564,1.5486885787
100,25,0,0,0,0.8604773594,1.2935296179,1.5481253225
100,25,800,400,800,1.4252523788,1.46128646,1.6681810044
800,800,400,0,0,0.1711391089,1.0581688741,1.3826400272
800,400,100,100,400,0.6606909372,1.1580038643,1.4497611397
100,100,800,25,100,1.4105282639,1.3998023588,1.609379669
800,100,800,800,100,1.3250214821,1.3807070246,1.60037297
400,100,25,400,25,0.7333064761,1.2774360975,1.4811884165
25,100,800,100,100,1.0457344291,1.300096494,1.5121226949
400,800,800,400,100,0.5022968395,1.1440189285,1.4562968771
400,400,25,25,800,0.7168909384,1.1863377728,1.5094652942
25,800,100,400,0,0.4897346913,1.3471851191,1.5472793159
400,100,800,800,400,1.2769986711,1.3674722542,1.6359308879
800,100,800,400,25,0.9116316528,1.2571502545,1.4959766663
25,400,25,100,25,1.4729609115,1.5713777255,1.7598631243
25,800,800,100,0,0.348070419,1.3686939581,1.5875513219
800,25,25,25,800,0.923915947,1.2418195506,1.4813386803
100,400,100,25,800,0.7398303614,1.3119689834,1.4827308604
400,400,800,100,400,0.6932690885,1.1947073669,1.4817492296
25,400,400,400,0,0.4632023824,1.3454299666,1.558955644
100,25,100,400,800,1.4556154698,1.4541921098,1.7213574312
25,400,100,100,100,0.5526003871,1.3055725963,1.538125117
400,800,100,100,25,0.4509077576,1.1079728882,1.4176277142
800,800,25,800,0,0.6143117203,1.1608034535,1.402705967
25,25,25,25,800,1.2825726816,1.4243351058,1.5855759724
800,800,100,400,25,0.6572117655,1.1351345214,1.4123357689
100,400,800,800,800,0.6038378717,1.1798989279,1.4759552985
800,25,800,800,25,1.1852603405,1.3218857993,1.5727796384
25,800,400,800,0,0.2151813092,1.35241011,1.5726231498
400,800,25,100,800,0.9365454512,1.1802614287,1.4845167155
25,800,100,400,100,0.6460064432,1.300174967,1.5341529792
400,100,100,100,800,0.8609665083,1.2727349682,1.5537442822
800,400,800,25,800,0.9053127105,1.2351024644,1.4772682274
100,800,100,100,0,0.2248886906,1.1423744674,1.4301515978
100,400,25,100,100,1.2768108565,1.3932906199,1.5875706801
400,400,100,25,400,0.6073897332,1.1881949323,1.4463850219
800,25,25,800,25,1.2014110311,1.3303237535,1.5335413976
800,800,25,400,800,0.7972657484,1.2907504064,1.4954999084
800,100,800,100,800,0.7874039302,1.2499068672,1.4872439506
800,800,400,100,25,0.4913184601,1.0943982866,1.3934655875
25,800,25,800,0,0.9155817995,1.3793450024,1.6287155957
25,25,100,800,100,1.5067930862,1.4967755236,1.7236769238
400,400,800,800,100,0.6724838406,1.1826114668,1.4758195466
100,400,400,800,0,0.4539317458,1.1950530578,1.4644582254
400,400,800,100,100,0.5857015781,1.1675319589,1.4615497399
100,25,800,800,800,1.4391013501,1.4188747357,1.6577146193
100,100,400,25,400,1.0744070083,1.4106956582,1.6118390844
800,100,400,800,400,1.3389491255,1.3689418193,1.6309437771
400,25,0,0,0,0.5523307324,1.234186063,1.4845138416
100,100,400,100,100,0.9754704608,1.2716621068,1.5367823178
25,400,800,800,400,0.33497993,1.2665423341,1.5567179299
100,800,25,100,400,1.1560629789,1.3054933209,1.5332010318
800,800,400,25,100,0.7836282661,1.1673400822,1.4012937156
400,400,800,400,100,0.6288048535,1.1482228859,1.492641729
25,800,400,400,800,0.2451359359,1.3221593041,1.579047517
100,25,25,25,400,1.1053295617,1.4136262889,1.6166856969
400,400,100,800,100,0.672828186,1.211540838,1.4713656988
400,25,25,25,400,1.01500186,1.409518237,1.6078293234
25,100,400,800,25,1.0251700463,1.3522500527,1.5109114443
100,25,800,25,800,1.5336364255,1.4842366481,1.7412508992
400,800,400,100,0,0.2793641105,1.111267082,1.413059388
100,25,400,100,100,1.3533340064,1.439160779,1.7396786969
25,100,400,25,25,1.1773969895,1.3519418168,1.5295382164
800,25,100,25,100,1.1816629906,1.3453336268,1.5563186921
25,800,800,800,0,0.242158003,1.3631483402,1.6131093633
800,100,400,100,0,0.6886638208,1.2114196167,1.4943368726
400,800,800,25,0,0.3893295051,1.1131480063,1.4282875295
25,100,25,25,100,1.3156896508,1.4932348325,1.6851116179
800,400,400,25,800,0.7610625064,1.1867707092,1.4388898374
800,100,800,25,100,0.9133380548,1.2272898364,1.4682385758
400,800,100,25,25,0.3936911665,1.121329422,1.4154954319
25,100,100,25,800,1.1575634886,1.3489049808,1.5410140462
25,800,800,25,0,0.4585676822,1.339414655,1.5957882707
400,25,25,0,0,0.7056674193,1.2165894732,1.4510091172
100,100,25,400,0,0.9734953868,1.2968059305,1.5511636254
25,800,400,400,400,0.2345397376,1.3118811451,1.5669144205
400,100,25,400,0,0.6712730285,1.2047325518,1.4711407446
800,400,100,25,400,0.5632595248,1.1586244519,1.4074369215
100,800,800,800,0,0.3329963996,1.1844377332,1.4389642076
800,800,800,0,0,0.2507862927,1.112948085,1.3930565472
400,800,25,400,800,0.7401243061,1.2508261261,1.4947487522
25,400,100,400,400,0.5909191233,1.3245954073,1.5767289315
800,25,400,25,0,1.0305419233,1.2841055228,1.4946370044
400,400,400,100,0,0.4435709468,1.1519643744,1.4474622423
100,800,400,25,800,0.7355218385,1.267601749,1.520255391
400,400,100,800,25,0.6942128344,1.186334689,1.4440541466
25,25,800,400,800,1.7431814917,1.5952318025,1.8143966617
25,800,0,0,0,0.5537895795,1.5018359149,1.6604168721
400,100,400,100,400,0.8764256612,1.2822722266,1.5091559814
800,400,800,800,800,0.7457263338,1.2036840375,1.5014791969
800,800,400,400,800,0.6222194845,1.1829673815,1.4435676014
25,800,100,400,25,0.6495341839,1.3271001029,1.530042424
25,800,400,100,800,0.4084777713,1.3337536963,1.6009644855
400,25,800,800,25,1.2053764787,1.3840257538,1.6067579084
400,25,400,800,25,1.1287613229,1.3872923608,1.6126606294
800,100,100,0,0,0.3535638285,1.1238276044,1.3793938687
25,25,100,100,100,1.2542268008,1.3815888128,1.5667764786
400,100,800,25,25,0.9148892376,1.2425081595,1.4807646595
25,400,800,100,25,0.4983944093,1.2997461914,1.5465057457
400,800,100,25,400,0.5398484644,1.1845515041,1.4468266905
25,25,800,800,0,1.411936958,1.5004768594,1.6701885836
25,25,100,400,400,1.4510913216,1.4920531573,1.7181210091
800,800,25,400,400,0.7260464599,1.1622384339,1.4058036473
100,100,400,25,0,0.8827553941,1.2457460248,1.5138113964
100,100,800,800,400,0.9995423943,1.3087415507,1.5268576645
25,100,100,400,0,0.9052224332,1.3291144849,1.4934536981
400,100,100,100,25,0.8017489981,1.2702261211,1.5159390768
800,800,100,25,100,0.6761918436,1.1410593371,1.399926858
400,100,100,800,25,0.9030062833,1.2472712911,1.5033133441
400,400,25,400,25,1.1050610494,1.2724555618,1.5365220977
25,400,0,0,0,0.7105246567,1.4475320387,1.6254039494
800,800,25,800,400,0.5726839123,1.1576183891,1.4206421762
100,400,25,100,800,0.8216512317,1.2851919443,1.4817652484
800,800,100,100,800,0.6017195139,1.1480476121,1.4085687275
100,100,400,400,800,0.9625458312,1.2879703192,1.5059051247
25,25,25,100,100,1.3519609277,1.3899874879,1.5903783625
800,800,25,25,100,1.0122743321,1.2219226879,1.4554134143
800,25,400,800,100,1.1716997982,1.3137844404,1.5197342608
400,400,400,800,400,0.6856558027,1.1847996157,1.5379765413
25,400,25,800,100,1.4129521047,1.5132914211,1.6593351901
800,400,400,400,100,0.6170266984,1.1569043037,1.4754562006
25,800,25,100,0,0.7896341339,1.3549744193,1.554128585
800,400,100,25,25,0.500738121,1.122814146,1.3588714977
100,400,25,25,800,0.7398284295,1.2402447527,1.4942813965
800,400,800,800,0,0.5264959506,1.1594154168,1.4685631904
100,800,400,800,25,0.3774338439,1.1963314848,1.4265944647
100,25,800,400,25,1.3220862547,1.3876085965,1.6478619362
800,25,400,25,25,0.992892364,1.2948135994,1.4980626882
800,800,400,400,400,0.4919742794,1.1213909731,1.4152238386
25,800,25,800,400,1.4260770461,1.5320835069,1.7139063998
800,800,400,100,400,0.5871753105,1.1426424463,1.398720514
100,400,400,400,25,0.5512793771,1.1799163777,1.4558959914
400,100,800,25,800,1.1068321247,1.305541418,1.5337048171
400,400,100,800,0,0.393861834,1.1555904748,1.4511121724
100,25,800,800,100,1.4289928126,1.4236076892,1.7219998237
400,800,100,100,100,0.3687336358,1.1413080348,1.4527392431
800,25,100,100,800,1.6241870675,1.7018204258,1.8832785102
100,400,400,400,800,0.6564779933,1.2156491374,1.4593046166
25,800,100,800,400,0.4720922229,1.2872708131,1.5801871008
25,100,100,400,400,0.9868337485,1.3498983135,1.5283571852
100,100,400,400,400,1.0196491382,1.3306464984,1.5278840957
400,100,100,25,100,0.9624594182,1.2823236927,1.5796771047
400,100,800,0,0,0.501859812,1.1864441138,1.4540188447
800,25,800,400,400,1.2933834918,1.4245421104,1.6513871202
800,100,0,0,0,0.2415359611,1.1727718775,1.4314361529
100,25,25,100,25,1.4816332475,1.4472156887,1.7038083315
800,400,25,25,0,0.5587194005,1.1272393839,1.3540793313
400,100,800,25,0,0.7691254486,1.1924934032,1.486786761
400,800,800,0,0,0.204821229,1.1440105958,1.4084597713
800,25,400,800,800,1.3571434246,1.4590969727,1.6777367675
800,800,400,25,25,0.5908172002,1.1075049286,1.385659979
25,100,800,100,800,1.0935884674,1.3994835801,1.5955356614
400,800,800,100,25,0.40734645,1.0961925808,1.4286565427
100,400,25,100,25,0.9448301902,1.2446528483,1.5057051881
800,100,800,800,0,0.7301740532,1.2075976008,1.5177736597
100,100,400,0,0,0.7799864625,1.2668232697,1.4937178975
25,400,25,800,800,1.3673131284,1.4649343982,1.620884673
800,100,25,800,800,0.8915223066,1.2860655695,1.5314936992
25,400,25,800,400,1.385260149,1.4706245599,1.7103068485
25,400,100,800,25,0.6576888495,1.3280673568,1.5546918103
400,400,25,25,400,0.5782762526,1.1810692254,1.4726049368
400,400,800,25,800,0.9231353757,1.2478713444,1.5096045388
400,400,100,25,800,0.5759287142,1.2096540313,1.4542052264
25,100,800,800,25,0.9469683729,1.3368631354,1.5301366889
100,400,400,25,400,0.9632650889,1.3193116737,1.5455042807
100,100,25,800,800,0.8034874858,1.3311717753,1.546240274
800,800,25,400,0,0.6412538674,1.1606337337,1.408066388
25,400,100,25,800,1.0859267606,1.4096005343,1.6067459037
25,25,100,25,100,1.467548315,1.3887825247,1.5929987176
100,800,100,800,0,0.4552143696,1.213250881,1.4205221778
25,100,100,800,100,1.0042571036,1.3310511367,1.491370127
800,400,800,800,100,1.029589339,1.2585275054,1.5187162381
400,100,800,400,25,0.867868954,1.2413379194,1.4697150029
800,25,25,800,400,1.2992506886,1.3855717445,1.6366215402
100,400,25,100,400,0.8600334404,1.2481174722,1.4788993745
25,25,25,400,25,1.3408434867,1.4591805949,1.6682686157
25,100,100,25,25,1.0679286145,1.3336995229,1.5063294584
800,800,400,800,0,0.3543856552,1.1349861229,1.4041735506
400,25,25,25,800,0.8755466264,1.280409731,1.5376117521
100,400,400,100,400,0.7559724809,1.227336784,1.4553775257
25,25,400,800,25,1.5712369632,1.5469815685,1.7522356767
800,800,100,100,25,0.5078947303,1.0916450421,1.3705139896
25,800,100,25,0,0.4395004913,1.3428961821,1.5529914412
25,800,25,100,25,1.1341895995,1.3699544204,1.6203582035
800,25,400,400,400,1.1837413473,1.3459780154,1.5809482976
800,100,400,100,100,0.8438198907,1.2791825677,1.498145746
25,800,25,400,800,1.3696849403,1.4725918375,1.6986397934
25,400,25,25,800,0.7077794749,1.4410546562,1.5659087796
25,100,25,100,100,1.0284392643,1.3433906683,1.5029613692
100,100,400,800,0,1.0225955762,1.3235828157,1.5230961108
400,400,400,800,0,0.4118866678,1.1919046406,1.5046597973
800,25,100,800,800,1.9036161213,1.6924076745,1.8453485965
25,800,800,100,400,0.4202502992,1.3860449729,1.6242932478
100,25,800,400,100,1.43455385,1.4151560093,1.7277429283
400,400,800,100,25,0.5807123098,1.154901225,1.4395104353
800,100,25,25,800,0.707110921,1.2496119893,1.5140867063
400,800,800,100,800,0.6847887114,1.191003261,1.4647241445
100,400,800,100,800,0.972688181,1.3072712194,1.5017734823
800,100,100,100,800,0.9175075178,1.2612284391,1.5223703624
400,100,100,800,400,1.0035028777,1.3230453761,1.588745803
800,25,400,100,100,1.0171052862,1.2643648233,1.4836747572
100,25,25,0,0,0.8891270067,1.3162170769,1.5331460429
800,100,400,25,400,0.9896321845,1.2675555823,1.499010478
25,25,25,400,100,1.2982470687,1.4450310486,1.6095811476
800,800,400,800,25,0.5369819979,1.1068106113,1.4027332034
100,100,100,400,100,0.9813146814,1.302402279,1.5283414785
25,25,400,400,400,1.4963544486,1.4689781021,1.6705228348
100,800,800,25,800,0.809930507,1.3316078457,1.5480059439
800,100,400,800,0,0.7290868392,1.2714828078,1.5136124947
400,400,100,400,0,0.3986423169,1.1617944363,1.4619218279
25,800,100,100,100,0.5265211292,1.2699227393,1.5250848994
25,25,800,800,400,1.5177747416,1.5286203954,1.7251091601
400,100,800,800,0,0.8687382881,1.2884917312,1.5183284207
25,400,25,100,100,0.7542953771,1.4192436839,1.6140431672
25,400,800,800,800,0.2806326609,1.2848068619,1.5348267555
25,100,800,25,800,1.4208631409,1.494451321,1.6722469651
100,800,25,100,25,0.9544337913,1.2515976622,1.4830651223
100,25,100,25,25,1.4266255447,1.4943284778,1.7584563663
100,400,100,100,100,0.5725610319,1.2223718045,1.4614446335
400,100,25,0,0,0.3481591426,1.1295111676,1.4262918769
100,25,100,100,0,1.3256248781,1.4783194448,1.7403052796
25,400,800,25,0,0.6029173957,1.3117789564,1.5523132522
400,800,400,400,100,0.4880059493,1.1328840173,1.416751953
800,400,25,100,25,0.9011146719,1.1852721125,1.437391246
100,400,800,400,800,0.6529368071,1.2295215321,1.4597913033
400,25,800,400,25,1.2056750319,1.3836234079,1.6377687163
25,25,400,100,800,1.5751450813,1.5525212703,1.7982015883
800,25,400,400,25,1.2001392077,1.3249729696,1.572765679
100,400,100,800,0,0.5005733289,1.2305479679,1.4625742868
25,400,400,100,100,0.5500218014,1.2684893162,1.5370000271
400,800,25,25,100,1.046276965,1.2428389963,1.4998829344
100,800,400,800,100,0.3749407909,1.1917172682,1.4426794952
100,400,100,100,25,0.5226753874,1.1879592694,1.4661283646
25,25,100,25,400,1.3802547107,1.3850789501,1.5886199215
400,800,100,400,25,0.6585234847,1.168584411,1.4407555619
25,400,25,0,0,0.5050296196,1.3012888864,1.5781074966
100,100,25,25,800,0.7003361858,1.2727599294,1.5357971702
400,400,800,400,0,0.4147455962,1.1536690393,1.4581812352
100,100,800,25,25,1.1998812496,1.3238651664,1.5521842066
100,400,100,100,400,0.8098845744,1.2456203763,1.4716807516
25,400,25,400,800,1.3491803203,1.5360170598,1.7068208409
400,25,100,100,800,1.3783902642,1.4573064229,1.6813552281
400,25,800,100,800,1.2203989446,1.3752875676,1.6418027936
800,800,800,800,800,0.5932775274,1.1451039701,1.4367290552
100,25,800,25,25,1.4196740623,1.3903339222,1.6029314686
400,25,100,800,25,1.1835564848,1.3381557612,1.6371373125
25,800,400,400,100,0.3046969051,1.332667907,1.5863140804
400,800,800,100,0,0.3242627016,1.1332964553,1.3975063775
800,25,100,400,100,1.5042965741,1.5549294112,1.7927325877
25,25,800,400,400,1.7034762434,1.5956880589,1.8034657587
400,800,800,400,25,0.4336045571,1.1203236737,1.4533351183
25,800,100,100,800,0.6253027343,1.2963012318,1.5608558861
25,100,0,0,0,1.0167673193,1.3798268501,1.556397268
400,100,400,25,800,0.9568753179,1.3123160542,1.573388866
800,800,25,100,25,0.9711834687,1.1951132312,1.4441458361
25,400,100,25,25,0.8110098404,1.336533074,1.5085949548
100,400,400,800,100,0.6165347114,1.1846977026,1.452492277
400,400,25,100,400,1.1211173949,1.2689775675,1.5416916782
100,400,25,800,100,0.9429690365,1.2620195475,1.4401430748
400,800,400,100,100,0.4050078505,1.1224919758,1.4362243063
100,100,800,100,100,1.0275600351,1.3019030333,1.5072879625
400,400,400,25,25,0.6836883792,1.1646722361,1.4484579059
100,25,400,400,100,1.3931131627,1.4490626746,1.7098527258
100,25,400,100,25,1.2792146255,1.4157705038,1.6789218973
400,25,100,800,400,1.1574305153,1.4321326299,1.6523945545
100,400,400,25,0,0.4588325165,1.1884038627,1.4704474218
100,25,400,800,800,1.3630928408,1.4317737021,1.7016489499
100,25,100,25,400,1.1256647027,1.3990055811,1.6440131374
25,800,100,400,800,0.6585265851,1.3013042622,1.5610496951
400,800,25,400,0,0.6700916745,1.1821076945,1.4426214226
800,800,25,800,100,0.7473074505,1.1629662823,1.4031587865
100,800,800,100,0,0.3262786265,1.1686575181,1.4503548928
800,100,100,800,100,1.0239336427,1.303539159,1.5344427554
800,25,800,100,800,1.2668030395,1.3771565874,1.6386782261
400,25,400,800,400,1.1156866789,1.4166316363,1.6990839042
400,800,100,25,100,0.6239531173,1.1731047424,1.4282565481
25,400,800,400,800,0.2832084464,1.2629289028,1.5331051056
100,100,25,25,100,1.108697893,1.3745142363,1.641892064
800,800,100,400,400,0.4586797268,1.1295650059,1.4052184251
800,400,800,400,400,0.5962423304,1.1399113447,1.4517533451
25,100,25,100,400,1.0311407069,1.4158130931,1.5522141609
25,400,400,800,0,0.4661880525,1.2838580223,1.5277566466
800,100,100,800,400,0.9896976105,1.2813730885,1.555381238
25,25,25,800,400,1.3509056328,1.4580470835,1.6854247527
400,400,400,100,400,0.645419053,1.1825142409,1.4960434361
400,100,25,400,100,0.7053336588,1.2563548316,1.4801898654
400,25,100,25,0,0.9768471758,1.3382725271,1.5435264958
400,100,100,25,800,0.7203680437,1.2845877657,1.4690874454
100,100,400,25,800,1.0151030687,1.3933765215,1.6224838271
400,25,800,800,100,1.1303632966,1.3881817735,1.647028413
400,800,25,400,25,1.0138493137,1.2502286791,1.4816738009
100,25,25,25,100,1.4955233003,1.4724306884,1.7102984095
25,400,800,25,25,0.7500366127,1.2945166717,1.6035195202
25,100,800,800,800,0.8163746029,1.29856583,1.5885998276
800,400,25,800,0,0.5765509976,1.1487151892,1.4051548464
100,25,100,400,100,1.332486133,1.4495562492,1.7317195456
800,400,800,25,0,0.5333546515,1.1245070666,1.3954429699
25,400,100,100,400,0.7477655021,1.308186529,1.5352967486
25,100,800,100,400,1.0373163806,1.3802440946,1.6355265933
800,25,100,100,25,1.2765316246,1.3236539668,1.5288999653
100,400,800,100,0,0.5139670305,1.1875915554,1.4316122107
100,800,800,100,800,0.605347903,1.2671818905,1.5073650012
25,400,25,800,25,1.4209407644,1.4820756229,1.6496042402
100,800,25,100,100,0.9769636491,1.2480014629,1.5003941266
100,100,800,400,25,1.0108636155,1.2958045163,1.5282779334
800,800,400,100,800,0.6212662691,1.1512298061,1.4167977176
400,800,25,100,400,0.7484337776,1.2419349229,1.4714254522
400,400,100,400,400,0.5671862449,1.1895719043,1.4761839278
800,25,25,800,0,0.9798729444,1.2591613577,1.5137185296
800,25,100,0,0,0.7313432367,1.195437452,1.4102825822
800,400,25,25,100,0.9366511434,1.1971422648,1.4609809537
400,400,100,100,0,0.3036245807,1.1423437728,1.4194030979
100,100,800,25,0,0.9305160816,1.2548546959,1.4893139434
100,800,400,800,0,0.3085434114,1.189248154,1.4308765825
400,800,25,800,800,0.6333988752,1.1818208931,1.4845175422
400,400,100,0,0,0.2152285143,1.1079473861,1.4079060835
400,100,100,400,400,1.001820809,1.3192459653,1.5244101396
800,400,100,0,0,0.1902683784,1.0609276268,1.3483262476
800,400,400,25,400,0.8758684505,1.2112160442,1.463336029
800,800,100,0,0,0.189052706,1.0693855557,1.3431874248
800,400,0,0,0,0.1753618249,1.1381440964,1.3962641142
800,25,25,400,400,1.1461139626,1.309466848,1.5518610402
800,400,100,100,100,0.5972752297,1.1581881853,1.4143776636
400,25,100,25,100,1.4250042962,1.4099747325,1.6052164097
100,400,25,25,25,1.0658476524,1.2856710387,1.4767165583
100,100,25,25,400,0.7110738138,1.2772339543,1.5339771391
800,100,400,400,100,1.297333975,1.3654315134,1.6154024334
800,25,400,100,25,1.1319284831,1.3124614405,1.5399927018
800,100,100,25,400,0.7914745845,1.2471360497,1.4799611054
25,25,400,400,100,1.457298661,1.4826779199,1.6601914245
400,400,100,100,100,0.4732362918,1.147296371,1.4633506607
800,800,800,100,25,0.5001706322,1.1070181067,1.3849978626
800,25,25,100,100,1.4113443289,1.374117646,1.5728916778
25,25,100,400,25,1.4575035589,1.468542727,1.7136349497
25,800,25,800,800,1.4499931552,1.5169048057,1.7033488477
800,800,100,800,400,0.4593453505,1.1271746499,1.4042706051
100,100,800,0,0,0.7198520834,1.2564324883,1.4636894242
